pair,bleu,rouge1,rouge2,rougeL,bertscore_f1
llama3.2:3b vs gemma2:2b,0.11431905080006342,0.4986525784203928,0.2077424622572795,0.25738465076312617,0.7525319904088974
llama3.2:3b vs qwen2.5:3b,0.1360959512302134,0.5036500758453577,0.21468273702637333,0.2518891679877463,0.7571411977211634
gemma2:2b vs qwen2.5:3b,0.12385981324475054,0.5149111682822121,0.19622047972485598,0.24575170827896226,0.7506285359462103
